<?xml version="1.0" encoding="UTF-8"?>
<GenRun Id="synth_1" LaunchPart="xcku5p-ffva676-2-i" LaunchTime="1624523617">
  <File Type="PA-TCL" Name="Network_tb.tcl"/>
  <File Type="REPORTS-TCL" Name="Network_tb_reports.tcl"/>
  <File Type="RDS-RDS" Name="Network_tb.vds"/>
  <File Type="RDS-UTIL" Name="Network_tb_utilization_synth.rpt"/>
  <File Type="RDS-UTIL-PB" Name="Network_tb_utilization_synth.pb"/>
  <File Type="RDS-DCP" Name="Network_tb.dcp"/>
  <FileSet Name="sources" Type="DesignSrcs" RelSrcDir="$PSRCDIR/sources_1">
    <Filter Type="Srcs"/>
    <File Path="$PPRDIR/../../../../repository/.git/hw-accelerator/Accelerator/Emulator_version_demo/src/PEC/cluster_pkg.vhd">
      <FileInfo>
        <Attr Name="UsedIn" Val="synthesis"/>
        <Attr Name="UsedIn" Val="simulation"/>
      </FileInfo>
    </File>
    <File Path="$PPRDIR/../../../../repository/.git/hw-accelerator/Accelerator/Emulator_version_demo/src/PEC/req_dis_logic_16.vhd">
      <FileInfo>
        <Attr Name="UsedIn" Val="synthesis"/>
        <Attr Name="UsedIn" Val="simulation"/>
      </FileInfo>
    </File>
    <File Path="$PSRCDIR/sources_1/new/Network_tb.vhd">
      <FileInfo>
        <Attr Name="ImportPath" Val="$PPRDIR/../req_dis_logic/req_dis_logic.srcs/sources_1/new/Network_tb.vhd"/>
        <Attr Name="ImportTime" Val="1619104676"/>
        <Attr Name="UsedIn" Val="synthesis"/>
        <Attr Name="UsedIn" Val="simulation"/>
      </FileInfo>
    </File>
    <Config>
      <Option Name="DesignMode" Val="RTL"/>
      <Option Name="TopModule" Val="Network_tb"/>
      <Option Name="TopAutoSet" Val="TRUE"/>
    </Config>
  </FileSet>
  <FileSet Name="constrs_in" Type="Constrs" RelSrcDir="$PSRCDIR/constrs_1">
    <Filter Type="Constrs"/>
    <Config>
      <Option Name="ConstrsType" Val="XDC"/>
    </Config>
  </FileSet>
  <FileSet Name="utils" Type="Utils" RelSrcDir="$PSRCDIR/utils_1">
    <Filter Type="Utils"/>
    <Config>
      <Option Name="TopAutoSet" Val="TRUE"/>
    </Config>
  </FileSet>
  <Strategy Version="1" Minor="2">
    <StratHandle Name="Vivado Synthesis Defaults" Flow="Vivado Synthesis 2018"/>
    <Step Id="synth_design"/>
  </Strategy>
  <BlockFileSet Type="BlockSrcs" Name="fifo_generator_0"/>
</GenRun>
