<?xml version="1.0" encoding="UTF-8"?>
<GenRun Id="synth_1" LaunchPart="xcku5p-sfvb784-2L-e" LaunchTime="1624868798">
  <File Type="PA-TCL" Name="spboot_tb.tcl"/>
  <File Type="REPORTS-TCL" Name="spboot_tb_reports.tcl"/>
  <File Type="RDS-RDS" Name="spboot_tb.vds"/>
  <File Type="RDS-UTIL" Name="spboot_tb_utilization_synth.rpt"/>
  <File Type="RDS-UTIL-PB" Name="spboot_tb_utilization_synth.pb"/>
  <File Type="RDS-DCP" Name="spboot_tb.dcp"/>
  <FileSet Name="sources" Type="DesignSrcs" RelSrcDir="$PSRCDIR/sources_1">
    <Filter Type="Srcs"/>
    <File Path="$PPRDIR/../../../../repository/.git/hw-accelerator/Accelerator/Emulator_version_demo/src/PEC/dual_core/ext/SP180_4096X80BM1A.vhd">
      <FileInfo>
        <Attr Name="UsedIn" Val="synthesis"/>
        <Attr Name="UsedIn" Val="simulation"/>
      </FileInfo>
    </File>
    <File Path="$PPRDIR/../../../../repository/.git/hw-accelerator/Accelerator/Emulator_version_demo/src/PEC/dual_core/ext/SP180_4096X80BM1B.vhd">
      <FileInfo>
        <Attr Name="UsedIn" Val="synthesis"/>
        <Attr Name="UsedIn" Val="simulation"/>
      </FileInfo>
    </File>
    <File Path="$PPRDIR/../../../../repository/.git/hw-accelerator/Accelerator/Emulator_version_demo/src/PEC/dual_core/ext/SU180_16384X8X1BM8.vhd">
      <FileInfo>
        <Attr Name="UsedIn" Val="synthesis"/>
        <Attr Name="UsedIn" Val="simulation"/>
      </FileInfo>
    </File>
    <File Path="$PPRDIR/../../../../repository/.git/hw-accelerator/Accelerator/Emulator_version_demo/src/PEC/dual_core/ext/SU180_2048X80X1BM1A.vhd">
      <FileInfo>
        <Attr Name="UsedIn" Val="synthesis"/>
        <Attr Name="UsedIn" Val="simulation"/>
      </FileInfo>
    </File>
    <File Path="$PPRDIR/../../../../repository/.git/hw-accelerator/Accelerator/Emulator_version_demo/src/PEC/dual_core/ext/SU180_2048X80X1BM1B.vhd">
      <FileInfo>
        <Attr Name="UsedIn" Val="synthesis"/>
        <Attr Name="UsedIn" Val="simulation"/>
      </FileInfo>
    </File>
    <File Path="$PPRDIR/../../../../repository/.git/hw-accelerator/Accelerator/Emulator_version_demo/src/PEC/dual_core/ext/SY180_1024X8X1CM8.vhd">
      <FileInfo>
        <Attr Name="UsedIn" Val="synthesis"/>
        <Attr Name="UsedIn" Val="simulation"/>
      </FileInfo>
    </File>
    <File Path="$PPRDIR/../../../../repository/.git/hw-accelerator/Accelerator/Emulator_version_demo/src/PEC/dual_core/ext/SY180_2048X2X1CM8.vhd">
      <FileInfo>
        <Attr Name="UsedIn" Val="synthesis"/>
        <Attr Name="UsedIn" Val="simulation"/>
      </FileInfo>
    </File>
    <File Path="$PPRDIR/../../../../repository/.git/hw-accelerator/Accelerator/Emulator_version_demo/src/PEC/dual_core/ext/SY180_256X32X1CM4.vhd">
      <FileInfo>
        <Attr Name="UsedIn" Val="synthesis"/>
        <Attr Name="UsedIn" Val="simulation"/>
      </FileInfo>
    </File>
    <File Path="$PPRDIR/../../../../repository/.git/hw-accelerator/Accelerator/Emulator_version_demo/src/PEC/dual_core/ext/SY180_512X8X1CM8.vhd">
      <FileInfo>
        <Attr Name="UsedIn" Val="synthesis"/>
        <Attr Name="UsedIn" Val="simulation"/>
      </FileInfo>
    </File>
    <File Path="$PPRDIR/../../../../repository/.git/hw-accelerator/Accelerator/Emulator_version_demo/src/PEC/dual_core/mpgmfield_lib.vhd">
      <FileInfo>
        <Attr Name="UsedIn" Val="synthesis"/>
        <Attr Name="UsedIn" Val="simulation"/>
      </FileInfo>
    </File>
    <File Path="$PPRDIR/../../../../repository/.git/hw-accelerator/Accelerator/Emulator_version_demo/src/PEC/dual_core/fgendec.vhd">
      <FileInfo>
        <Attr Name="UsedIn" Val="synthesis"/>
        <Attr Name="UsedIn" Val="simulation"/>
      </FileInfo>
    </File>
    <File Path="$PPRDIR/../../../../repository/.git/hw-accelerator/Accelerator/Emulator_version_demo/src/PEC/dual_core/fgenpart.vhd">
      <FileInfo>
        <Attr Name="UsedIn" Val="synthesis"/>
        <Attr Name="UsedIn" Val="simulation"/>
      </FileInfo>
    </File>
    <File Path="$PPRDIR/../../../../repository/.git/hw-accelerator/Accelerator/Emulator_version_demo/src/PEC/dual_core/fgenhalf.vhd">
      <FileInfo>
        <Attr Name="UsedIn" Val="synthesis"/>
        <Attr Name="UsedIn" Val="simulation"/>
      </FileInfo>
    </File>
    <File Path="$PPRDIR/../../../../repository/.git/hw-accelerator/Accelerator/Emulator_version_demo/src/PEC/dual_core/fgen.vhd">
      <FileInfo>
        <Attr Name="UsedIn" Val="synthesis"/>
        <Attr Name="UsedIn" Val="simulation"/>
      </FileInfo>
    </File>
    <File Path="$PPRDIR/../../../../repository/.git/hw-accelerator/Accelerator/Emulator_version_demo/src/PEC/dual_core/ram32x8.vhd">
      <FileInfo>
        <Attr Name="UsedIn" Val="synthesis"/>
        <Attr Name="UsedIn" Val="simulation"/>
      </FileInfo>
    </File>
    <File Path="$PPRDIR/../../../../repository/.git/hw-accelerator/Accelerator/Emulator_version_demo/src/PEC/dual_core/alu.vhd">
      <FileInfo>
        <Attr Name="UsedIn" Val="synthesis"/>
        <Attr Name="UsedIn" Val="simulation"/>
      </FileInfo>
    </File>
    <File Path="$PPRDIR/../../../../repository/.git/hw-accelerator/Accelerator/Emulator_version_demo/src/PEC/dual_core/sct.vhd">
      <FileInfo>
        <Attr Name="UsedIn" Val="synthesis"/>
        <Attr Name="UsedIn" Val="simulation"/>
      </FileInfo>
    </File>
    <File Path="$PPRDIR/../../../../repository/.git/hw-accelerator/Accelerator/Emulator_version_demo/src/PEC/dual_core/stack9x14.vhd">
      <FileInfo>
        <Attr Name="UsedIn" Val="synthesis"/>
        <Attr Name="UsedIn" Val="simulation"/>
      </FileInfo>
    </File>
    <File Path="$PPRDIR/../../../../repository/.git/hw-accelerator/Accelerator/Emulator_version_demo/src/PEC/dual_core/clc.vhd">
      <FileInfo>
        <Attr Name="UsedIn" Val="synthesis"/>
        <Attr Name="UsedIn" Val="simulation"/>
      </FileInfo>
    </File>
    <File Path="$PPRDIR/../../../../repository/.git/hw-accelerator/Accelerator/Emulator_version_demo/src/PEC/dual_core/clk_gen.vhd">
      <FileInfo>
        <Attr Name="UsedIn" Val="synthesis"/>
        <Attr Name="UsedIn" Val="simulation"/>
      </FileInfo>
    </File>
    <File Path="$PPRDIR/../../../../repository/.git/hw-accelerator/Accelerator/Emulator_version_demo/src/PEC/dual_core/clk_mux.vhd">
      <FileInfo>
        <Attr Name="UsedIn" Val="synthesis"/>
        <Attr Name="UsedIn" Val="simulation"/>
      </FileInfo>
    </File>
    <File Path="$PPRDIR/../../../../repository/.git/hw-accelerator/Accelerator/Emulator_version_demo/src/PEC/dual_core/mpgm.vhd">
      <FileInfo>
        <Attr Name="UsedIn" Val="synthesis"/>
        <Attr Name="UsedIn" Val="simulation"/>
      </FileInfo>
    </File>
    <File Path="$PPRDIR/../../../../repository/.git/hw-accelerator/Accelerator/Emulator_version_demo/src/PEC/dual_core/crb.vhd">
      <FileInfo>
        <Attr Name="UsedIn" Val="synthesis"/>
        <Attr Name="UsedIn" Val="simulation"/>
      </FileInfo>
    </File>
    <File Path="$PPRDIR/../../../../repository/.git/hw-accelerator/Accelerator/Emulator_version_demo/src/PEC/dual_core/tim.vhd">
      <FileInfo>
        <Attr Name="UsedIn" Val="synthesis"/>
        <Attr Name="UsedIn" Val="simulation"/>
      </FileInfo>
    </File>
    <File Path="$PPRDIR/../../../../repository/.git/hw-accelerator/Accelerator/Emulator_version_demo/src/PEC/dual_core/gmem.vhd">
      <FileInfo>
        <Attr Name="UsedIn" Val="synthesis"/>
        <Attr Name="UsedIn" Val="simulation"/>
      </FileInfo>
    </File>
    <File Path="$PPRDIR/../../../../repository/.git/hw-accelerator/Accelerator/Emulator_version_demo/src/PEC/dual_core/dsl.vhd">
      <FileInfo>
        <Attr Name="UsedIn" Val="synthesis"/>
        <Attr Name="UsedIn" Val="simulation"/>
      </FileInfo>
    </File>
    <File Path="$PPRDIR/../../../../repository/.git/hw-accelerator/Accelerator/Emulator_version_demo/src/PEC/dual_core/mbm.vhd">
      <FileInfo>
        <Attr Name="UsedIn" Val="synthesis"/>
        <Attr Name="UsedIn" Val="simulation"/>
      </FileInfo>
    </File>
    <File Path="$PPRDIR/../../../../repository/.git/hw-accelerator/Accelerator/Emulator_version_demo/src/PEC/dual_core/mmr.vhd">
      <FileInfo>
        <Attr Name="UsedIn" Val="synthesis"/>
        <Attr Name="UsedIn" Val="simulation"/>
      </FileInfo>
    </File>
    <File Path="$PPRDIR/../../../../repository/.git/hw-accelerator/Accelerator/Emulator_version_demo/src/PEC/dual_core/mpll.vhd">
      <FileInfo>
        <Attr Name="UsedIn" Val="synthesis"/>
        <Attr Name="UsedIn" Val="simulation"/>
      </FileInfo>
    </File>
    <File Path="$PPRDIR/../../../../repository/.git/hw-accelerator/Accelerator/Emulator_version_demo/src/PEC/dual_core/debug_trace.vhd">
      <FileInfo>
        <Attr Name="UsedIn" Val="synthesis"/>
        <Attr Name="UsedIn" Val="simulation"/>
      </FileInfo>
    </File>
    <File Path="$PPRDIR/../../../../repository/.git/hw-accelerator/Accelerator/Emulator_version_demo/src/PEC/dual_core/cpc.vhd">
      <FileInfo>
        <Attr Name="UsedIn" Val="synthesis"/>
        <Attr Name="UsedIn" Val="simulation"/>
      </FileInfo>
    </File>
    <File Path="$PPRDIR/../../../../repository/.git/hw-accelerator/Accelerator/Emulator_version_demo/src/PEC/dual_core/gp_pkg.vhd">
      <FileInfo>
        <Attr Name="UsedIn" Val="synthesis"/>
        <Attr Name="UsedIn" Val="simulation"/>
      </FileInfo>
    </File>
    <File Path="$PPRDIR/../../../../repository/.git/hw-accelerator/Accelerator/Emulator_version_demo/src/PEC/dual_core/ios_dmap.vhd">
      <FileInfo>
        <Attr Name="UsedIn" Val="synthesis"/>
        <Attr Name="UsedIn" Val="simulation"/>
      </FileInfo>
    </File>
    <File Path="$PPRDIR/../../../../repository/.git/hw-accelerator/Accelerator/Emulator_version_demo/src/PEC/dual_core/ios_dackgen.vhd">
      <FileInfo>
        <Attr Name="UsedIn" Val="synthesis"/>
        <Attr Name="UsedIn" Val="simulation"/>
      </FileInfo>
    </File>
    <File Path="$PPRDIR/../../../../repository/.git/hw-accelerator/Accelerator/Emulator_version_demo/src/PEC/dual_core/ios_dma.vhd">
      <FileInfo>
        <Attr Name="UsedIn" Val="synthesis"/>
        <Attr Name="UsedIn" Val="simulation"/>
      </FileInfo>
    </File>
    <File Path="$PPRDIR/../../../../repository/.git/hw-accelerator/Accelerator/Emulator_version_demo/src/PEC/dual_core/ios.vhd">
      <FileInfo>
        <Attr Name="UsedIn" Val="synthesis"/>
        <Attr Name="UsedIn" Val="simulation"/>
      </FileInfo>
    </File>
    <File Path="$PPRDIR/../../../../repository/.git/hw-accelerator/Accelerator/Emulator_version_demo/src/PEC/ve.vhd">
      <FileInfo>
        <Attr Name="UsedIn" Val="synthesis"/>
        <Attr Name="UsedIn" Val="simulation"/>
      </FileInfo>
    </File>
    <File Path="$PPRDIR/../../../../repository/.git/hw-accelerator/Accelerator/Emulator_version_demo/src/PEC/dual_core/core.vhd">
      <FileInfo>
        <Attr Name="UsedIn" Val="synthesis"/>
        <Attr Name="UsedIn" Val="simulation"/>
      </FileInfo>
    </File>
    <File Path="$PPRDIR/../../../../repository/.git/hw-accelerator/Accelerator/Emulator_version_demo/src/PEC/dual_core/flash_inf.vhd">
      <FileInfo>
        <Attr Name="UsedIn" Val="synthesis"/>
        <Attr Name="UsedIn" Val="simulation"/>
      </FileInfo>
    </File>
    <File Path="$PPRDIR/../../../../repository/.git/hw-accelerator/Accelerator/Emulator_version_demo/src/PEC/dual_core/rtc.vhd">
      <FileInfo>
        <Attr Name="UsedIn" Val="synthesis"/>
        <Attr Name="UsedIn" Val="simulation"/>
      </FileInfo>
    </File>
    <File Path="$PPRDIR/../../../../repository/.git/hw-accelerator/Accelerator/Emulator_version_demo/src/PEC/dual_core/mpmem_inf.vhd">
      <FileInfo>
        <Attr Name="UsedIn" Val="synthesis"/>
        <Attr Name="UsedIn" Val="simulation"/>
      </FileInfo>
    </File>
    <File Path="$PPRDIR/../../../../repository/.git/hw-accelerator/Accelerator/Emulator_version_demo/src/PEC/dual_core/imsys_top.vhd">
      <FileInfo>
        <Attr Name="UsedIn" Val="synthesis"/>
        <Attr Name="UsedIn" Val="simulation"/>
      </FileInfo>
    </File>
    <File Path="$PPRDIR/../../../../repository/.git/hw-accelerator/Accelerator/Emulator_version_demo/src/PEC/dual_core/rtc_iso.vhd">
      <FileInfo>
        <Attr Name="UsedIn" Val="synthesis"/>
        <Attr Name="UsedIn" Val="simulation"/>
      </FileInfo>
    </File>
    <File Path="$PPRDIR/../../../../repository/.git/hw-accelerator/Accelerator/Emulator_version_demo/src/PEC/testbench/spboot_tb.vhd">
      <FileInfo>
        <Attr Name="UsedIn" Val="synthesis"/>
        <Attr Name="UsedIn" Val="simulation"/>
      </FileInfo>
    </File>
    <File Path="$PPRDIR/../../../../repository/.git/hw-accelerator/Accelerator/Emulator_version_demo/src/PEC/dual_core/core2/ampgm.vhd">
      <FileInfo>
        <Attr Name="AutoDisabled" Val="1"/>
        <Attr Name="UsedIn" Val="synthesis"/>
        <Attr Name="UsedIn" Val="simulation"/>
      </FileInfo>
    </File>
    <File Path="$PPRDIR/../../../../repository/.git/hw-accelerator/Accelerator/Emulator_version_demo/src/PEC/dual_core/core2/atim.vhd">
      <FileInfo>
        <Attr Name="AutoDisabled" Val="1"/>
        <Attr Name="UsedIn" Val="synthesis"/>
        <Attr Name="UsedIn" Val="simulation"/>
      </FileInfo>
    </File>
    <File Path="$PPRDIR/../../../../repository/.git/hw-accelerator/Accelerator/Emulator_version_demo/src/PEC/dual_core/core2/acore.vhd">
      <FileInfo>
        <Attr Name="UserDisabled" Val="1"/>
        <Attr Name="UsedIn" Val="synthesis"/>
        <Attr Name="UsedIn" Val="simulation"/>
      </FileInfo>
    </File>
    <File Path="$PPRDIR/../../../../repository/.git/hw-accelerator/Accelerator/Emulator_version_demo/src/PEC/dual_core/peri/peri.vhd">
      <FileInfo>
        <Attr Name="UserDisabled" Val="1"/>
        <Attr Name="UsedIn" Val="synthesis"/>
        <Attr Name="UsedIn" Val="simulation"/>
      </FileInfo>
    </File>
    <File Path="$PPRDIR/../../../../repository/.git/hw-accelerator/Accelerator/Emulator_version_demo/src/PEC/dual_core/ext/SequenceTest_F.data">
      <FileInfo>
        <Attr Name="UsedIn" Val="synthesis"/>
        <Attr Name="UsedIn" Val="simulation"/>
      </FileInfo>
    </File>
    <File Path="$PPRDIR/../../../../repository/.git/hw-accelerator/Accelerator/Emulator_version_demo/src/PEC/testbench/Test_fifo_and_send_req_BE_F.data">
      <FileInfo>
        <Attr Name="UsedIn" Val="synthesis"/>
        <Attr Name="UsedIn" Val="simulation"/>
      </FileInfo>
    </File>
    <File Path="$PPRDIR/../../../../repository/.git/hw-accelerator/Accelerator/Emulator_version_demo/src/PEC/testbench/Workregister_DTM_test_BE_F.data">
      <FileInfo>
        <Attr Name="UsedIn" Val="synthesis"/>
        <Attr Name="UsedIn" Val="simulation"/>
      </FileInfo>
    </File>
    <Config>
      <Option Name="DesignMode" Val="RTL"/>
      <Option Name="TopModule" Val="spboot_tb"/>
    </Config>
  </FileSet>
  <FileSet Name="constrs_in" Type="Constrs" RelSrcDir="$PSRCDIR/constrs_1">
    <Filter Type="Constrs"/>
    <Config>
      <Option Name="ConstrsType" Val="XDC"/>
    </Config>
  </FileSet>
  <FileSet Name="utils" Type="Utils" RelSrcDir="$PSRCDIR/utils_1">
    <Filter Type="Utils"/>
    <Config>
      <Option Name="TopAutoSet" Val="TRUE"/>
    </Config>
  </FileSet>
  <Strategy Version="1" Minor="2">
    <StratHandle Name="Vivado Synthesis Defaults" Flow="Vivado Synthesis 2018"/>
    <Step Id="synth_design"/>
  </Strategy>
  <BlockFileSet Type="BlockSrcs" Name="mult_gen_0"/>
  <BlockFileSet Type="BlockSrcs" Name="c_accum_0"/>
  <BlockFileSet Type="BlockSrcs" Name="dist_mem_gen_0"/>
</GenRun>
